"",server-memory,client-memory,server-cpu,client-cpu
1,23.959634546896783,0.0,0.12639405204460966,0.0
